Assay Factor	genotype	Tissue	-log10 p-value	log2_enrichment
MCM2-7	wt	Kc	0.0	-16.609640474436812
ORC2	wt	Kc	1.7726767112911008	2.5379887411525512
PolII	wt	Kc	1.0957432161387193	1.7922325388616827
PolII-(phospho-S2)	wt	Kc	1.1123296088631125	1.8261632899459315
PolII-(phospho-S5)	wt	Kc	0.7226664249512864	1.3760642061686206
