Assay Factor	genotype	Tissue	-log10 p-value	log2_enrichment
MCM2-7	wt	Kc	0.0	-16.609640474436812
ORC2	wt	Kc	2.705293936655837	2.4789624066925846
PolII	wt	Kc	0.3897097433564602	0.6309736939167122
PolII-(phospho-S2)	wt	Kc	1.181941912251979	1.450914377011381
PolII-(phospho-S5)	wt	Kc	0.27141163632467313	0.5366559952388189
