Assay Factor	genotype	Tissue	-log10 p-value	log2_enrichment
MCM2-7	wt	Kc	0.0	-16.609640474436812
ORC2	wt	Kc	0.0	-1.8517073227808774
PolII	wt	Kc	0.0	2.6150345958681367
PolII-(phospho-S2)	wt	Kc	0.0	2.3720380025443912
PolII-(phospho-S5)	wt	Kc	0.0	2.696731786864523
