Assay Factor	genotype	Tissue	-log10 p-value	log2_enrichment
MCM2-7	wt	Kc	1.081618436285573	3.715753299321007
ORC2	wt	Kc	0.6242141423152475	1.38217749683178
PolII	wt	Kc	1.4406042217844295	2.342913930179488
PolII-(phospho-S2)	wt	Kc	1.036754628118744	1.8599586458316468
PolII-(phospho-S5)	wt	Kc	1.5151244624555347	2.422640684055287
