Assay Factor	genotype	Tissue	-log10 p-value	log2_enrichment
MCM2-7	wt	Kc	0.5840943547640488	0.4840230671179944
ORC2	wt	Kc	19.655325438409914	1.5563868242328736
PolII	wt	Kc	1.3741899931176536	0.34102066748136345
PolII-(phospho-S2)	wt	Kc	1.8141173721661223	0.38141203932561846
PolII-(phospho-S5)	wt	Kc	1.4651459529656246	0.3585427358878199
