Assay Factor	genotype	Tissue	-log10 p-value	log2_enrichment
MCM2-7	wt	Kc	0.08765933444142104	-0.38321620386506305
ORC2	wt	Kc	6.549401654049122	1.4371602771851415
PolII	wt	Kc	0.14427825678885617	0.10064534377365557
PolII-(phospho-S2)	wt	Kc	0.252585236480012	0.17220796023343066
PolII-(phospho-S5)	wt	Kc	0.16409373293938986	0.1202953306160784
