Assay Factor	genotype	Tissue	-log10 p-value	log2_enrichment
MCM2-7	wt	Kc	0.0	-16.609640474436812
ORC2	wt	Kc	6.9044695663331614	2.883264386757722
PolII	wt	Kc	0.5046377699309815	-1.157831055506987
PolII-(phospho-S2)	wt	Kc	0.31241354782475933	-0.7167443039945859
PolII-(phospho-S5)	wt	Kc	0.7136053350219359	-1.4404544932348118
