Assay Factor	genotype	Tissue	-log10 p-value	log2_enrichment
MCM2-7	wt	Kc	0.5347525847915763	0.7422422972542257
ORC2	wt	Kc	7.918050479763831	1.8349046948038268
PolII	wt	Kc	3.0431209389395755	1.0985525896670811
PolII-(phospho-S2)	wt	Kc	4.819528171845928	1.3368605200869759
PolII-(phospho-S5)	wt	Kc	2.397741390847948	0.978163625177982
