Assay Factor	genotype	Tissue	enriched	overlap	-log10 p-value	log2_enrichment
Brahma	wt	ISC	enriched	0.0	0.0	-16.609640474436812
H1	wt	ISC	enriched	0.0	0.0	-16.609640474436812
HP1	wt	ISC	enriched	0.0	0.392587872185821	-16.609640474436812
Kismet	wt	ISC	enriched	10.0	5.728274530509761	3.663459620464468
PolII	wt	ISC	enriched	9.0	5.413097777266762	3.615770570999238
Polycomb	wt	ISC	enriched	0.0	0.0	-16.609640474436812
Trr	wt	ISC	enriched	3.0	1.6527285451903955	2.51954442061224
