Assay Factor	genotype	Tissue	enriched	overlap	-log10 p-value	log2_enrichment
Brahma	wt	ISC	enriched	0.0	0.0	-16.609640474436812
H1	wt	ISC	enriched	0.0	0.0	-16.609640474436812
HP1	wt	ISC	enriched	0.0	0.06757494397742836	-16.609640474436812
Kismet	wt	ISC	enriched	6.0	3.3664578216148957	4.18380487267784
PolII	wt	ISC	enriched	3.0	1.1427680463361451	2.5033512796009583
Polycomb	wt	ISC	enriched	1.0	0.3233361062773456	1.804057690390535
Trr	wt	ISC	enriched	3.0	2.0426992692552077	3.8756827663210145
