Assay Factor	genotype	Tissue	enriched	overlap	-log10 p-value	log2_enrichment
Brahma	wt	ISC	enriched	2.0	1.0586625187525431	2.046494552552529
H1	wt	ISC	enriched	0.0	0.0	-16.609640474436812
HP1	wt	ISC	enriched	0.0	5.202199442292817	-16.609640474436812
Kismet	wt	ISC	enriched	73.0	39.746395489446655	4.0141776234278
PolII	wt	ISC	enriched	53.0	23.24500223757762	3.10114746546783
Polycomb	wt	ISC	enriched	2.0	0.4789011615463996	-1.2209168182994523
Trr	wt	ISC	enriched	28.0	13.8254169108224	2.9625508737173067
