Assay Factor	genotype	Tissue	enriched	overlap	-log10 p-value	log2_enrichment
1K-upstream	wt	ISC	enriched	0.0	0.0	-16.609640474436812
3P-UTR	wt	ISC	enriched	0.0	0.0	-16.609640474436812
5P-UTR	wt	ISC	enriched	1.0	0.6436107884557247	2.1053461930479345
CDS	wt	ISC	enriched	0.0	0.4285473960032413	-16.609640474436812
Intergenic	wt	ISC	enriched	2.0	0.0	-0.04690614359008558
Intronic	wt	ISC	enriched	6.0	1.132803662524603	1.9026563296959793
