Assay Factor	genotype	Tissue	enriched	overlap	-log10 p-value	log2_enrichment
1K-upstream	wt	ISC	enriched	11.0	0.12591264743557112	0.09357369713966135
3P-UTR	wt	ISC	enriched	23.0	3.482936126517345	1.3684945881441242
5P-UTR	wt	ISC	enriched	4.0	0.1940426589926628	-0.6148230099457584
CDS	wt	ISC	enriched	5.0	8.20859008433284	-2.9212808743645344
Intergenic	wt	ISC	enriched	17.0	6.042843042051536	-1.6803358263151826
Intronic	wt	ISC	enriched	93.0	2.5234654389382905	0.7355308421055975
