Assay Factor	genotype	Tissue	enriched	overlap	-log10 p-value	log2_enrichment
1K-upstream	wt	ISC	enriched	1.0	0.1420767824513204	-1.1108847420182382
3P-UTR	wt	ISC	enriched	2.0	0.0	0.037044792231616795
5P-UTR	wt	ISC	enriched	0.0	0.19735624053311224	-16.609640474436812
CDS	wt	ISC	enriched	1.0	1.8798539938118883	-2.9322511579354003
Intergenic	wt	ISC	enriched	13.0	0.9696026991432382	0.9022742881370109
Intronic	wt	ISC	enriched	15.0	0.0	0.025751733200985644
