Assay Factor	genotype	Tissue	enriched	overlap	-log10 p-value	log2_enrichment
1K-upstream	wt	ISC	enriched	30.0	0.1852464662510113	-0.1632517640317584
3P-UTR	wt	ISC	enriched	69.0	8.530649338817154	1.258826425677191
5P-UTR	wt	ISC	enriched	26.0	0.8089180410867611	0.449968045046453
CDS	wt	ISC	enriched	8.0	35.50154057076522	-3.9655588811711375
Intergenic	wt	ISC	enriched	73.0	14.044514294110655	-1.3291234159546974
Intronic	wt	ISC	enriched	286.0	4.554372448188352	0.567555182395255
