Assay Factor	genotype	Tissue	enriched	overlap	-log10 p-value	log2_enrichment
1K-upstream	wt	ISC	enriched	5.0	0.253677234910047	-0.5022394767616775
3P-UTR	wt	ISC	enriched	3.0	0.4790254615744557	-1.1876742922882428
5P-UTR	wt	ISC	enriched	2.0	0.2729372183515021	-1.0468912399466408
CDS	wt	ISC	enriched	8.0	2.793114783434791	-1.59941835304711
Intergenic	wt	ISC	enriched	13.0	3.142504673666717	-1.4619188035487214
Intronic	wt	ISC	enriched	72.0	4.24090504642472	1.3442660771130275
